pt_bin,count
0–50,1.7834374634864237e-05
50–100,1.6135862764877167e-05
100–150,4.812450298296699e-06
150–200,4.529364986632187e-06
200–250,3.3970237399741405e-06
250–450,9.341815284928887e-06
450–650,1.6985118699870702e-06
650–850,8.492559349935351e-07
850–1000,2.830853116645117e-07
1000–1500,2.830853116645117e-07
1500–2000,2.830853116645117e-07
2000–inf,0.0
