pt_bin,count
0–50,5.520163577457978e-05
50–100,2.5477678049806055e-06
100–150,1.4154265583225586e-06
150–200,0.0
200–250,2.830853116645117e-07
250–450,0.0
450–650,0.0
650–850,0.0
850–1000,0.0
1000–1500,0.0
1500–2000,0.0
2000–inf,0.0
