pt_bin,count
0–50,0.0
50–100,0.0
100–150,0.0
150–200,0.08317830508474577
200–250,0.19870372881355935
250–450,4.084978983050848
450–650,14.694833898305088
650–850,21.247435932203395
850–1000,4.519354576271187
1000–1500,2.1210467796610173
1500–2000,0.05545220338983052
2000–inf,0.02772610169491526
