pt_bin,count
0–50,0.0
50–100,0.0
100–150,0.0
150–200,0.043595137996334805
200–250,0.048973758917960526
250–300,0.05633397702123783
300–350,0.04557673517798639
350–550,0.1783437463486424
550–750,0.1857039644519197
750–950,0.1231421105740626
950–1150,0.012738839024903028
1150–1350,0.0002830853116645117
1350–1550,0.0
1550–inf,0.0
