pt_bin,count
0–50,0.5831557420288942
50–100,0.05746631826789588
100–150,0.018400545258193263
150–200,0.012738839024903028
200–250,0.008775644661599863
250–450,0.007077132791612793
450–650,0.0031139384283096288
650–850,0.0005661706233290234
850–1000,0.0002830853116645117
1000–1500,0.0014154265583225586
1500–2000,0.0
2000–inf,0.0016985118699870704
