pt_bin,count
0–50,0.6859157101631119
50–100,0.0053786209216257225
100–150,0.0025477678049806054
150–200,0.0002830853116645117
200–250,0.0
250–450,0.0002830853116645117
450–650,0.0002830853116645117
650–850,0.0
850–1000,0.0
1000–1500,0.0
1500–2000,0.0
2000–inf,0.0
