pt_bin,count
0–50,9.774530859120644e-05
50–100,6.17930111783489e-05
100–150,4.831089964852732e-05
150–200,4.381686247192013e-05
200–250,2.1346676588884167e-05
250–450,2.584071376549136e-05
450–650,1.1235092941517982e-06
650–850,0.0
850–1000,0.0
1000–1500,0.0
1500–2000,0.0
2000–inf,2.2470185883035964e-06
