pt_bin,count
0–50,0.000278630304949646
50–100,1.5729130118125175e-05
100–150,2.2470185883035964e-06
150–200,3.370527882455395e-06
200–250,1.1235092941517982e-06
250–450,0.0
450–650,1.1235092941517982e-06
650–850,0.0
850–1000,0.0
1000–1500,0.0
1500–2000,0.0
2000–inf,0.0
