pt_bin,count
0–50,0.0
50–100,0.0
100–150,0.0
150–200,0.02191746038815842
200–250,0.04383492077631684
250–300,0.02191746038815842
300–350,0.0
350–550,0.02191746038815842
550–750,0.0
750–950,0.0
950–1150,0.0
1150–1350,0.0
1350–1550,0.0
1550–inf,0.0
