pt_bin,count
0–50,0.02191746038815842
50–100,0.0
100–150,0.02191746038815842
150–200,0.0
200–250,0.04383492077631684
250–450,0.0
450–650,0.0
650–850,0.02191746038815842
850–1000,0.0
1000–1500,0.0
1500–2000,0.0
2000–inf,0.0
