mass_bin,count
0–800,0.0
800–1000,0.02191746038815842
1000–1200,0.02191746038815842
1200–1600,0.02191746038815842
1600–2000,0.02191746038815842
2000–2500,0.02191746038815842
2500–3000,0.0
3000–4000,0.0
4000–5000,0.0
5000–inf,0.0
