pt_bin,count
0–50,0.0
50–100,0.0
100–150,0.0
150–200,0.0010839012155122515
200–250,0.002008697665444723
250–300,0.0021081381439320857
300–350,0.001968921474049778
350–550,0.008402720432182133
550–750,0.010172760949257186
750–950,0.011535095504534054
950–1150,0.012350507428130425
1150–1350,0.012171514566853173
1350–1550,0.010888732394366198
1550–inf,0.020454906424850473
