pt_bin,count
0–50,0.001262894076789504
50–100,0.008243615666602354
100–150,0.012877541964113448
150–200,0.010888732394366198
200–250,0.009039139494501254
250–450,0.02460157437777349
450–650,0.013086366968936908
650–850,0.006931001350569168
850–1000,0.0028439976847385684
1000–1500,0.0028937179239822497
1500–2000,0.0004275940574956589
2000–inf,4.972023924368127e-05
