pt_bin,count
0–50,0.0
50–100,6.960833494115377e-05
100–150,0.00046737024889060387
150–200,0.0003579857225545051
200–250,0.001292726220335713
250–450,0.009168412116534824
450–650,0.011843360987844878
650–850,0.013404576500096469
850–1000,0.010172760949257186
1000–1500,0.026729600617403048
1500–2000,0.014398981284970094
2000–inf,0.005240513216284005
