pt_bin,count
0–50,0.0
50–100,0.0
100–150,0.0
150–200,0.0
200–250,0.0
250–300,9.944047848736253e-06
300–350,8.949643063862628e-05
350–550,0.003410808412116535
550–750,0.007288987073123673
750–950,0.009755110939610264
950–1150,0.011246718116920702
1150–1350,0.013165919351726799
1350–1550,0.013444352691491414
1550–inf,0.03473455913563573
