mass_bin,count
0–800,0.0
800–1000,0.0
1000–1200,0.0
1200–1600,0.0
1600–2000,0.0
2000–2500,0.0005568666795292301
2500–3000,0.0010839012155122515
3000–4000,0.0070503299247540036
4000–5000,0.035967621068879026
5000–inf,0.048487177310437966
