pt_bin,count
0–50,0.0
50–100,0.0
100–150,0.029610810810810816
150–200,0.09870270270270272
200–250,0.4540324324324325
250–450,4.421881081081082
450–650,7.304000000000001
650–850,11.488994594594596
850–1000,10.88690810810811
1000–1500,31.071610810810817
1500–2000,0.09870270270270272
2000–inf,0.019740540540540544
