pt_bin,count
0–50,0.0004799625271557825
50–100,0.000319975018103855
100–150,0.0
150–200,0.000319975018103855
200–250,0.0001599875090519275
250–450,0.0001599875090519275
450–650,0.0
650–850,0.0
850–1000,0.0
1000–1500,0.0
1500–2000,0.0
2000–inf,0.0
