pt_bin,count
0–50,2.6873318590148743
50–100,2.346240024168576
100–150,0.25226834362662026
150–200,0.040680677550475976
200–250,0.011072847143916537
250–450,0.010832133075570526
450–650,0.0033699969568441635
650–850,0.0019257125467680935
850–1000,0.0012035703417300585
1000–1500,0.003129282888498152
1500–2000,0.00144428441007607
2000–inf,0.0033699969568441635
