pt_bin,count
0–50,5.275248807802846
50–100,0.082324211374336
100–150,0.00433285323022821
150–200,0.00048142813669202337
200–250,0.00024071406834601168
250–450,0.00024071406834601168
450–650,0.0
650–850,0.0
850–1000,0.0
1000–1500,0.0
1500–2000,0.0
2000–inf,0.0
