pt_bin,count
0–50,2.2393160189262247
50–100,1.4928773459508164
100–150,1.0450141421655716
150–200,1.0450141421655716
200–250,0.7464386729754082
250–450,1.4928773459508164
450–650,0.0
650–850,0.2985754691901633
850–1000,0.14928773459508166
1000–1500,0.0
1500–2000,0.0
2000–inf,0.14928773459508166
