pt_bin,count
0–50,0.009216545454545455
50–100,0.016166727272727274
100–150,0.024325636363636365
150–200,0.037923818181818184
200–250,0.06088963636363637
250–450,0.3957070909090909
450–650,0.48454854545454545
650–850,0.433782
850–1000,0.2754387272727273
1000–1500,0.41610436363636366
1500–2000,0.013296
2000–inf,0.0009065454545454546
