pt_bin,count
0–50,0.00015250996400602073
50–100,8.951671800353392e-05
100–150,4.973151000196329e-06
150–200,1.657717000065443e-06
200–250,1.657717000065443e-06
250–450,3.315434000130886e-06
450–650,0.0
650–850,0.0
850–1000,0.0
1000–1500,0.0
1500–2000,0.0
2000–inf,0.0
