pt_bin,count
0–50,0.00021802572348561931
50–100,0.004640156158530898
100–150,0.011811306585351377
150–200,0.00742235397779304
200–250,0.0027016230953652827
250–300,0.001805821753217847
300–350,0.0010379920313771877
350–550,0.0011138270656330552
550–750,9.005410317884276e-05
750–950,1.8958758563966897e-05
950–1150,4.739689640991724e-06
1150–1350,0.0
1350–1550,0.0
1550–inf,0.0
