pt_bin,count
0–50,0.028139537398567865
50–100,0.0021612984762922264
100–150,0.0003791751712793379
150–200,0.00010427317210181793
200–250,3.7917517127933794e-05
250–450,3.7917517127933794e-05
450–650,4.739689640991724e-06
650–850,0.0
850–1000,0.0
1000–1500,0.0
1500–2000,0.0
2000–inf,0.0
