pt_bin,count
0–50,0.0045216639175061045
50–100,0.00975902097080196
100–150,0.007033699427231719
150–200,0.004336816021507428
200–250,0.0025878705439814813
250–450,0.0023603654412138785
450–650,0.00015167006851173517
650–850,3.317782748694207e-05
850–1000,2.369844820495862e-05
1000–1500,2.8438137845950347e-05
1500–2000,4.739689640991724e-06
2000–inf,2.369844820495862e-05
