pt_bin,count
0–50,0.0
50–100,0.0
100–150,0.0
150–200,0.0
200–250,9.005410317884276e-05
250–300,0.0013271130994776828
300–350,0.0042041047115596595
350–550,0.02127646679841185
550–750,0.003474192506846934
750–950,0.0004170926884072717
950–1150,6.635565497388414e-05
1150–1350,9.479379281983448e-06
1350–1550,0.0
1550–inf,0.0
