pt_bin,count
0–50,0.003462686414025933
50–100,9.603329991355598e-05
100–150,5.4876171379174845e-06
150–200,0.0
200–250,2.7438085689587422e-06
250–450,0.0
450–650,0.0
650–850,0.0
850–1000,0.0
1000–1500,0.0
1500–2000,0.0
2000–inf,0.0
