pt_bin,count
0–50,0.0013664166673414537
50–100,0.0015941527785650292
100–150,0.0004746788824298624
150–200,8.780187420667975e-05
200–250,1.6462851413752454e-05
250–450,8.231425706876227e-06
450–650,8.231425706876227e-06
650–850,2.7438085689587422e-06
850–1000,2.7438085689587422e-06
1000–1500,0.0
1500–2000,0.0
2000–inf,5.4876171379174845e-06
