pt_bin,count
0–50,0.872320608123212
50–100,0.13420317048049415
100–150,0.06710158524024708
150–200,0.03355079262012354
200–250,0.0
250–450,0.0
450–650,0.0
650–850,0.0
850–1000,0.0
1000–1500,0.0
1500–2000,0.0
2000–inf,0.0
