pt_bin,count
0–50,0.36905871882135893
50–100,0.30195713358111187
100–150,0.13420317048049415
150–200,0.10065237786037062
200–250,0.06710158524024708
250–450,0.10065237786037062
450–650,0.03355079262012354
650–850,0.0
850–1000,0.0
1000–1500,0.0
1500–2000,0.0
2000–inf,0.0
