pt_bin,count
0–50,0.002083631578947368
50–100,0.031065052631578948
100–150,0.04602931578947368
150–200,0.07330594736842105
200–250,0.11175842105263158
250–300,0.12160831578947369
300–350,0.133163
350–550,0.5209078947368421
550–750,0.37751615789473686
750–950,0.17824521052631578
950–1150,0.11232668421052631
1150–1350,0.047355263157894734
1350–1550,0.02651894736842105
1550–inf,0.010797
