pt_bin,count
0–50,0.008523947368421053
50–100,0.007766263157894737
100–150,0.035042894736842106
150–200,0.04489278947368421
200–250,0.049249473684210524
250–450,0.3824411052631579
450–650,0.3968371052631579
650–850,0.3061044210526316
850–1000,0.1693424210526316
1000–1500,0.32883494736842106
1500–2000,0.062130105263157896
2000–inf,0.0015153684210526316
