mass_bin,count
0–800,0.0
800–1000,0.0
1000–1200,0.0
1200–1600,0.0
1600–2000,0.0
2000–2500,0.0062508947368421055
2500–3000,0.022162263157894737
3000–4000,0.13088994736842105
4000–5000,1.250178947368421
5000–inf,0.3831987894736842
