pt_bin,count
0–50,0.0044729999999999995
50–100,0.0290745
100–150,0.07961939999999999
150–200,0.0982569
200–250,0.1292697
250–450,0.5725439999999999
450–650,0.5050017
650–850,0.4018245
850–1000,0.2425857
1000–1500,0.2768787
1500–2000,0.0146118
2000–inf,0.0080514
