pt_bin,count
0–50,0.0
50–100,0.0
100–150,3.31406480245027e-05
150–200,0.0
200–250,3.31406480245027e-05
250–450,3.31406480245027e-05
450–650,0.0
650–850,0.0
850–1000,0.0
1000–1500,0.0
1500–2000,0.0
2000–inf,3.31406480245027e-05
