pt_bin,count
0–50,0.00013281982868151417
50–100,8.94786214275464e-05
100–150,3.914689687455155e-05
150–200,5.59241383922165e-06
200–250,0.0
250–450,0.0
450–650,0.0
650–850,0.0
850–1000,0.0
1000–1500,0.0
1500–2000,0.0
2000–inf,0.0
