pt_bin,count
0–50,0.0002600472435238067
50–100,5.59241383922165e-06
100–150,0.0
150–200,1.3981034598054125e-06
200–250,0.0
250–450,0.0
450–650,0.0
650–850,0.0
850–1000,0.0
1000–1500,0.0
1500–2000,0.0
2000–inf,0.0
