pt_bin,count
0–50,0.022914721203935947
50–100,0.06596662164769439
100–150,0.25345070422535215
150–200,0.32983310823847195
200–250,0.38121763457457075
250–450,2.452569554312175
450–650,2.5539498360023156
650–850,1.7040219949836004
850–1000,0.872842562222651
1000–1500,1.7137433918579974
1500–2000,0.3360825776577272
2000–inf,0.005555083928226896
