pt_bin,count
0–50,0.0
50–100,0.0
100–150,0.0
150–200,0.0
200–250,0.009027011383368706
250–450,0.08888134285163034
450–650,0.3853839475207409
650–850,0.7791005209338222
850–1000,0.7874331468261625
1000–1500,3.853145089716381
1500–2000,4.314911441250241
2000–inf,0.47426529037237125
