pt_bin,count
0–50,0.0
50–100,0.0
100–150,0.0
150–200,0.000458706
200–250,0.000639096
250–300,0.000654558
300–350,0.0006210570000000001
350–550,0.002571846
550–750,0.0030150900000000002
750–950,0.003311445
950–1150,0.003574299
1150–1350,0.003535644
1350–1550,0.0031980570000000002
1550–inf,0.0061487220000000006
