pt_bin,count
0–50,0.000739599
50–100,0.003071784
100–150,0.0042056640000000005
150–200,0.003213519
200–250,0.002618232
250–450,0.006857397
450–650,0.003533067
650–850,0.0018399780000000001
850–1000,0.00074733
1000–1500,0.000778254
1500–2000,0.00011081100000000001
2000–inf,1.2885e-05
