pt_bin,count
0–50,1.5462000000000002e-05
50–100,7.731e-05
100–150,0.000319548
150–200,0.000376242
200–250,0.000569517
250–450,0.003234135
450–650,0.003623262
650–850,0.003819114
850–1000,0.002914587
1000–1500,0.007470723
1500–2000,0.003906732
2000–inf,0.001401888
