pt_bin,count
0–50,0.0
50–100,0.0
100–150,0.0
150–200,0.0
200–250,0.0
250–300,2.577e-06
300–350,2.577e-05
350–550,0.001046262
550–750,0.002213643
750–950,0.002922318
950–1150,0.003337215
1150–1350,0.003888693
1350–1550,0.00399435
1550–inf,0.010297692
