mass_bin,count
0–800,0.0
800–1000,0.0
1000–1200,0.0
1200–1600,0.0
1600–2000,0.0
2000–2500,9.94219440735081e-05
2500–3000,0.0
3000–4000,3.31406480245027e-05
4000–5000,0.0
5000–inf,0.0
