pt_bin,count
0–50,0.0
50–100,0.0
100–150,0.0
150–200,0.14717971753388556
200–250,0.1831320149467431
250–300,0.1752674498876805
300–350,0.14717971753388556
350–550,0.6774761043735343
550–750,0.16627937553446612
750–950,0.0011235092941517982
950–1150,0.0
1150–1350,0.0
1350–1550,0.0
1550–inf,0.0
