pt_bin,count
0–50,32.92229747181106
50–100,3.1919124972670008
100–150,1.0031724991410573
150–200,0.5471849995314859
200–250,0.18239499984382862
250–450,0.09119749992191431
450–650,0.09119749992191431
650–850,0.0
850–1000,0.0
1000–1500,0.18239499984382862
1500–2000,0.0
2000–inf,0.09119749992191431
