pt_bin,count
0–50,0.03650318916513739
50–100,0.01855491621173459
100–150,0.0018966317961637764
150–200,0.00023010606350516404
200–250,8.367493218369601e-05
250–450,9.762075421431202e-05
450–650,2.0918733045924002e-05
650–850,1.3945822030616002e-05
850–1000,0.0
1000–1500,2.7891644061232004e-05
1500–2000,1.3945822030616002e-05
2000–inf,2.0918733045924002e-05
