pt_bin,count
0–50,0.0
50–100,0.0
100–150,0.0
150–200,0.0
200–250,404.01384083044985
250–450,808.0276816608997
450–650,0.0
650–850,202.00692041522493
850–1000,0.0
1000–1500,0.0
1500–2000,0.0
2000–inf,0.0
