pt_bin,count
0–50,0.0
50–100,606.0207612456747
100–150,202.00692041522493
150–200,202.00692041522493
200–250,0.0
250–450,404.01384083044985
450–650,0.0
650–850,0.0
850–1000,0.0
1000–1500,0.0
1500–2000,0.0
2000–inf,0.0
