mass_bin,count
0–800,0.0
800–1000,0.0
1000–1200,0.0
1200–1600,0.0
1600–2000,0.0
2000–2500,808.0276816608997
2500–3000,404.01384083044985
3000–4000,202.00692041522493
4000–5000,0.0
5000–inf,0.0
