pt_bin,count
0–50,32.06257061770842
50–100,2.769994396236626
100–150,0.29963360096651376
150–200,0.06993861609861352
200–250,0.021457193720007095
250–450,0.01442168893540824
450–650,0.001095873019407921
650–850,0.00026300952465790103
850–1000,2.191746038815842e-05
1000–1500,0.00013150476232895051
1500–2000,0.0
2000–inf,0.0001095873019407921
