mass_bin,count
0–100,0.0016200298793156722
100–200,0.00220913165361228
200–300,0.000883652661444912
300–400,0.0
400–500,0.0
500–600,0.0
600–700,0.0
700–800,0.0
800–900,0.0
900–1000,0.0
1000–1500,0.0
1500–2000,0.0
2000–inf,0.0
