pt_bin,count
0–50,0.000147275443574152
50–100,0.000441826330722456
100–150,0.001914580766463976
150–200,0.001178203548593216
200–250,0.000589101774296608
250–300,0.0
300–350,0.0
350–550,0.000441826330722456
550–750,0.0
750–950,0.0
950–1150,0.0
1150–1350,0.0
1350–1550,0.0
1550–inf,0.0
