pt_bin,count
0–50,0.000294550887148304
50–100,0.000589101774296608
100–150,0.001178203548593216
150–200,0.0010309281050190642
200–250,0.000589101774296608
250–450,0.000589101774296608
450–650,0.000441826330722456
650–850,0.0
850–1000,0.0
1000–1500,0.0
1500–2000,0.0
2000–inf,0.0
