mass_bin,count
0–800,0.0016200298793156722
800–1000,0.0010309281050190642
1000–1200,0.00073637721787076
1200–1600,0.00073637721787076
1600–2000,0.000294550887148304
2000–2500,0.000294550887148304
2500–3000,0.0
3000–4000,0.0
4000–5000,0.0
5000–inf,0.0
