pt_bin,count
0–50,0.6135609002518811
50–100,0.6135609002518811
100–150,0.49084872020150494
150–200,0.12271218005037623
200–250,0.0
250–450,0.24542436010075247
450–650,0.0
650–850,0.0
850–1000,0.0
1000–1500,0.0
1500–2000,0.0
2000–inf,0.0
