pt_bin,count
0–50,142.12647405614626
50–100,12.188755420043773
100–150,1.0434216669683491
150–200,0.20222967272302006
200–250,0.05202996434135953
250–450,0.040004170696422654
450–650,0.004049501941662416
650–850,0.0013498339805541387
850–1000,0.000490848720201505
1000–1500,0.000490848720201505
1500–2000,0.0
2000–inf,0.0002454243601007525
