pt_bin,count
0–50,0.023072967480244323
50–100,0.009666934991722918
100–150,0.0015503574986725434
150–200,0.0003647899996876573
200–250,0.00018239499984382864
250–450,0.00027359249976574297
450–650,0.0
650–850,0.0
850–1000,0.0
1000–1500,0.0
1500–2000,0.0
2000–inf,0.0
