pt_bin,count
0–50,13.627223604532919
50–100,0.36120351722858335
100–150,0.2298567836909167
150–200,0.06567336676883334
200–250,0.0
250–450,0.03283668338441667
450–650,0.0
650–850,0.0
850–1000,0.0
1000–1500,0.0
1500–2000,0.0
2000–inf,0.0
