pt_bin,count
0–50,6.468826626730084
50–100,3.185158288288417
100–150,1.5761608024520002
150–200,0.9522638181480835
200–250,0.6567336676883334
250–450,1.0836105516857502
450–650,0.2298567836909167
650–850,0.09851005015325001
850–1000,0.03283668338441667
1000–1500,0.0
1500–2000,0.0
2000–inf,0.03283668338441667
