pt_bin,count
0–50,12.880526539066025
50–100,0.46958260709946303
100–150,0.024991012150622754
150–200,0.004370737525320899
200–250,0.0009780367411210366
250–450,0.0006628915689820359
450–650,6.628915689820359e-05
650–850,2.17341498026897e-05
850–1000,9.780367411210366e-06
1000–1500,9.780367411210366e-06
1500–2000,2.17341498026897e-06
2000–inf,7.606952430941396e-06
