pt_bin,count
0–50,7.87599186439646
50–100,4.929232365848185
100–150,0.418756211078383
150–200,0.09094111631190438
200–250,0.02956279056161853
250–450,0.023706523897283793
450–650,0.004177303592076961
650–850,0.001969113972123687
850–1000,0.0010280252856672229
1000–1500,0.0020875650885483457
1500–2000,0.0010986612725259644
2000–inf,0.0026776472556913713
