pt_bin,count
0–50,0.00010054524536003682
50–100,9.128449907687553e-05
100–150,6.350226022739168e-05
150–200,1.98444563210599e-05
200–250,5.2918550189493064e-06
250–450,3.96889126421198e-06
450–650,0.0
650–850,0.0
850–1000,0.0
1000–1500,0.0
1500–2000,1.3229637547373266e-06
2000–inf,0.0
