pt_bin,count
0–50,0.0002738534972306266
50–100,1.0583710037898613e-05
100–150,1.3229637547373266e-06
150–200,0.0
200–250,0.0
250–450,0.0
450–650,0.0
650–850,0.0
850–1000,0.0
1000–1500,0.0
1500–2000,0.0
2000–inf,0.0
