pt_bin,count
0–50,0.002153067425928977
50–100,0.001081756787582645
100–150,3.365981420589775e-05
150–200,9.285465987833862e-06
200–250,1.1606832484792328e-06
250–450,3.4820497454376986e-06
450–650,6.964099490875397e-06
650–850,0.0
850–1000,2.3213664969584656e-06
1000–1500,1.1606832484792328e-06
1500–2000,0.0
2000–inf,3.4820497454376986e-06
