pt_bin,count
0–50,1.993765467276633
50–100,0.1819364816251355
100–150,0.06351628648451477
150–200,0.03444951131363513
200–250,0.012918566742613172
250–450,0.020454397342470856
450–650,0.006459283371306586
650–850,0.0021530944571021954
850–1000,0.0
1000–1500,0.004306188914204391
1500–2000,0.0021530944571021954
2000–inf,0.004306188914204391
