pt_bin,count
0–50,2.29519869127094
50–100,0.019377850113919758
100–150,0.008612377828408782
150–200,0.0021530944571021954
200–250,0.0
250–450,0.0010765472285510977
450–650,0.0
650–850,0.0
850–1000,0.0
1000–1500,0.0
1500–2000,0.0
2000–inf,0.0
