pt_bin,count
0–50,49.827553548999276
50–100,6.869221239185598
100–150,0.7561121273096965
150–200,0.13770253974183214
200–250,0.03578793278851894
250–450,0.012812963590951224
450–650,0.0
650–850,0.000147275443574152
850–1000,0.0
1000–1500,0.0
1500–2000,0.0
2000–inf,0.000294550887148304
