pt_bin,count
0–50,0.0
50–100,0.0
100–150,0.0
150–200,3.283668338441667e-05
200–250,3.283668338441667e-05
250–300,3.283668338441667e-05
300–350,0.0
350–550,0.00013134673353766668
550–750,0.0
750–950,0.0
950–1150,0.0
1150–1350,0.0
1350–1550,0.0
1550–inf,0.0
