pt_bin,count
0–50,0.0
50–100,0.0
100–150,0.0
150–200,3.283668338441667e-05
200–250,6.567336676883334e-05
250–450,0.0
450–650,9.851005015325002e-05
650–850,0.0
850–1000,3.283668338441667e-05
1000–1500,0.0
1500–2000,0.0
2000–inf,0.0
