pt_bin,count
0–50,9.851005015325002e-05
50–100,6.567336676883334e-05
100–150,3.283668338441667e-05
150–200,0.0
200–250,0.0
250–450,3.283668338441667e-05
450–650,0.0
650–850,0.0
850–1000,0.0
1000–1500,0.0
1500–2000,0.0
2000–inf,0.0
