pt_bin,count
0–50,1.7335046780736416
50–100,0.3033633186628873
100–150,0.04333761695184104
150–200,0.0
200–250,0.0
250–450,0.04333761695184104
450–650,0.0
650–850,0.0
850–1000,0.0
1000–1500,0.0
1500–2000,0.0
2000–inf,0.0
