pt_bin,count
0–50,0.0
50–100,0.0
100–150,0.06007322033898306
150–200,0.1802196610169492
200–250,0.2911240677966102
250–450,4.718058305084747
450–650,15.614416271186444
650–850,21.94983050847458
850–1000,4.579427796610171
1000–1500,2.1533938983050853
1500–2000,0.05545220338983052
2000–inf,0.02772610169491526
