pt_bin,count
0–50,7.524309561702451
50–100,0.1599657604803615
100–150,0.016652948725871714
150–200,0.003611482856213143
200–250,0.0011465024940359183
250–450,0.0009458645575796327
450–650,0.00011465024940359184
650–850,1.433128117544898e-05
850–1000,1.433128117544898e-05
1000–1500,2.866256235089796e-05
1500–2000,2.866256235089796e-05
2000–inf,4.299384352634694e-05
