pt_bin,count
0–50,3.5622405740943
50–100,3.120278193924629
100–150,0.6189393714052905
150–200,0.19625256441659833
200–250,0.08164530885653283
250–450,0.08287779903762145
450–650,0.01658129231999447
650–850,0.006420413966601143
850–1000,0.0033535197950550614
1000–1500,0.006721370871285571
1500–2000,0.0029092500786161426
2000–inf,0.008656093829971184
