pt_bin,count
0–50,11.323600937764029
50–100,0.22241488024448144
100–150,0.013872502755535141
150–200,0.0011370903897979625
200–250,0.000454836155919185
250–450,0.0006822542338787774
450–650,0.0002274180779595925
650–850,0.0
850–1000,0.0
1000–1500,0.0
1500–2000,0.0
2000–inf,0.0002274180779595925
