pt_bin,count
0–50,5.883760512970577
50–100,4.957486681441156
100–150,0.527382522788295
150–200,0.10120104469201865
200–250,0.03502238400577724
250–450,0.030474022446585394
450–650,0.007504796572666552
650–850,0.0025015988575555173
850–1000,0.00181934462367674
1000–1500,0.00454836155919185
1500–2000,0.002274180779595925
2000–inf,0.008641886962464514
