pt_bin,count
0–50,1.0308e-05
50–100,2.0616e-05
100–150,4.8963e-05
150–200,9.2772e-05
200–250,0.000134004
250–300,0.000203583
300–350,0.000172659
350–550,0.001182843
550–750,0.001481775
750–950,0.001345194
950–1150,0.001247268
1150–1350,0.001077186
1350–1550,0.000806601
1550–inf,0.000860718
