pt_bin,count
0–50,0.000164928
50–100,0.0008349480000000001
100–150,0.001190574
150–200,0.000974106
200–250,0.000783408
250–450,0.002203335
450–650,0.001206036
650–850,0.00064425
850–1000,0.000273162
1000–1500,0.000298932
1500–2000,0.000100503
2000–inf,1.0308e-05
