pt_bin,count
0–50,0.0
50–100,2.577e-05
100–150,3.3501e-05
150–200,7.9887e-05
200–250,0.000136581
250–450,0.000574671
450–650,0.001043685
650–850,0.001046262
850–1000,0.000840102
1000–1500,0.0024429960000000002
1500–2000,0.001811631
2000–inf,0.000649404
