pt_bin,count
0–50,0.0
50–100,0.0
100–150,0.0
150–200,0.0
200–250,0.0
250–300,0.0
300–350,2.577e-06
350–550,0.000280893
550–750,0.00056694
750–950,0.0007911390000000001
950–1150,0.001090071
1150–1350,0.001072032
1350–1550,0.001123572
1550–inf,0.003757266
