pt_bin,count
0–50,0.002997998314706823
50–100,0.0002155423624952618
100–150,1.959476022684198e-05
150–200,9.79738011342099e-06
200–250,0.0
250–450,0.0
450–650,0.0
650–850,0.0
850–1000,0.0
1000–1500,0.0
1500–2000,0.0
2000–inf,0.0
