pt_bin,count
0–50,0.0008229799295273632
50–100,0.0009111563505481521
100–150,0.0005682480465784175
150–200,0.0004996663857844705
200–250,0.0002743266431757877
250–450,0.00016655546192815684
450–650,0.0
650–850,0.0
850–1000,0.0
1000–1500,0.0
1500–2000,0.0
2000–inf,0.0
