pt_bin,count
0–50,0.0
50–100,0.0
100–150,0.0
150–200,0.00034130136986301366
200–250,0.00034130136986301366
250–450,0.0068260273972602726
450–650,0.03529056164383561
650–850,0.0848475205479452
850–1000,0.052969972602739716
1000–1500,0.1324931917808219
1500–2000,0.05092216438356163
2000–inf,0.0071673287671232865
