pt_bin,count
0–50,0.14288008551163128
50–100,0.00396889126421198
100–150,0.00396889126421198
150–200,0.0013229637547373266
200–250,0.002645927509474653
250–450,0.0013229637547373266
450–650,0.0
650–850,0.0013229637547373266
850–1000,0.0
1000–1500,0.0
1500–2000,0.0013229637547373266
2000–inf,0.0
