pt_bin,count
0–50,85.52275360275263
50–100,0.48113086005625205
100–150,0.062756199137772
150–200,0.013945822030616001
200–250,0.013945822030616001
250–450,0.006972911015308001
450–650,0.0
650–850,0.0
850–1000,0.0
1000–1500,0.0
1500–2000,0.0
2000–inf,0.0
