pt_bin,count
0–50,9.928543020341277
50–100,14.037600469307623
100–150,2.9472789397032977
150–200,0.92193860492262
200–250,0.3562480384202056
250–450,0.3237781137807428
450–650,0.03235478306272714
650–850,0.010017317176004488
850–1000,0.004490521492691667
1000–1500,0.007253919334348078
1500–2000,0.003569388878806197
2000–inf,0.008290193524969233
