pt_bin,count
0–50,1.052293635716786
50–100,0.01071044165001087
100–150,0.0007180677858909137
150–200,0.00013250811514682942
200–250,3.2811533274453e-05
250–450,3.533549737248784e-05
450–650,7.571892294104538e-06
650–850,7.571892294104538e-06
850–1000,6.309910245087115e-06
1000–1500,3.785946147052269e-06
1500–2000,2.523964098034846e-06
2000–inf,7.571892294104538e-06
