pt_bin,count
0–50,0.7597056216161945
50–100,0.24655721886268098
100–150,0.03130220274382816
150–200,0.009492628972709055
200–250,0.004047176431198876
250–450,0.00597422302004848
450–650,0.002040624973261173
650–850,0.0010840425801059664
850–1000,0.00053381840673437
1000–1500,0.0011017103287922104
1500–2000,0.0005477002092735616
2000–inf,0.0015711676510266916
