pt_bin,count
0–50,0.004786866359447004
50–100,0.04547523041474654
100–150,0.06462269585253455
150–200,0.1120126728110599
200–250,0.17567799539170506
250–450,1.1890576036866358
450–650,1.4657384792626726
650–850,1.3489389400921659
850–1000,0.851583525345622
1000–1500,1.2948473502304145
1500–2000,0.042124423963133636
2000–inf,0.0028721198156682025
