pt_bin,count
0–50,12.95694178701361
50–100,0.7299685513810484
100–150,0.12166142523017474
150–200,0.015207678153771843
200–250,0.0
250–450,0.0
450–650,0.0
650–850,0.0
850–1000,0.0
1000–1500,0.0
1500–2000,0.0
2000–inf,0.0
