pt_bin,count
0–50,7.58863139873215
50–100,3.604219722443927
100–150,1.3078603212243785
150–200,0.6235148043046456
200–250,0.288945884921665
250–450,0.3649842756905242
450–650,0.030415356307543686
650–850,0.0
850–1000,0.0
1000–1500,0.015207678153771843
1500–2000,0.0
2000–inf,0.0
