pt_bin,count
0–50,0.00047272736545899286
50–100,0.0003227650021982445
100–150,1.8283277383012038e-05
150–200,3.917281028930441e-06
200–250,1.2162525775308223e-06
250–450,1.1056841613916567e-06
450–650,1.0267067212922526e-07
650–850,1.342616481689869e-07
850–1000,4.738646405964243e-08
1000–1500,1.9744360024851013e-07
1500–2000,7.897744009940404e-08
2000–inf,1.500571361888677e-07
