pt_bin,count
0–50,0.0007970877119472453
50–100,2.2587547868429557e-05
100–150,9.55627025202789e-07
150–200,8.687518410934446e-08
200–250,7.897744009940405e-09
250–450,0.0
450–650,0.0
650–850,0.0
850–1000,0.0
1000–1500,0.0
1500–2000,0.0
2000–inf,0.0
