pt_bin,count
0–50,0.0404061
50–100,0.19323359999999998
100–150,0.2088891
150–200,0.1309098
200–250,0.0945294
250–450,0.21187109999999998
450–650,0.061429199999999996
650–850,0.020575799999999998
850–1000,0.0071568
1000–1500,0.0056657999999999995
1500–2000,0.0002982
2000–inf,0.0
