mass_bin,count
0–800,0.0
800–1000,0.0
1000–1200,0.0
1200–1600,0.0
1600–2000,0.0
2000–2500,0.0545706
2500–3000,0.420462
3000–4000,0.4569915
4000–5000,0.032802
5000–inf,0.0101388
