pt_bin,count
0–50,5.596466855817775
50–100,1.1782035485932159
100–150,0.14727544357415198
150–200,0.14727544357415198
200–250,0.0
250–450,0.0
450–650,0.0
650–850,0.0
850–1000,0.0
1000–1500,0.0
1500–2000,0.0
2000–inf,0.0
