pt_bin,count
0–50,2.061856210038128
50–100,1.4727544357415199
100–150,1.3254789921673678
150–200,0.7363772178707599
200–250,0.4418263307224559
250–450,0.8836526614449118
450–650,0.14727544357415198
650–850,0.0
850–1000,0.0
1000–1500,0.0
1500–2000,0.0
2000–inf,0.0
