pt_bin,count
0–50,7.084875571302411
50–100,0.45222610029589855
100–150,0.15074203343196618
150–200,0.15074203343196618
200–250,0.0
250–450,0.15074203343196618
450–650,0.0
650–850,0.0
850–1000,0.0
1000–1500,0.0
1500–2000,0.0
2000–inf,0.0
