mass_bin,count
0–800,0.30148406686393237
800–1000,1.507420334319662
1000–1200,1.9596464346155604
1200–1600,2.7133566017753914
1600–2000,1.2059362674557295
2000–2500,0.30148406686393237
2500–3000,0.0
3000–4000,0.0
4000–5000,0.0
5000–inf,0.0
