pt_bin,count
0–50,0.0013598181818181819
50–100,0.004834909090909091
100–150,0.011180727272727273
150–200,0.016015636363636364
200–250,0.02855618181818182
250–450,0.19400072727272727
450–650,0.23857254545454545
650–850,0.22316127272727274
850–1000,0.1414210909090909
1000–1500,0.25851654545454544
1500–2000,0.010878545454545455
2000–inf,0.0004532727272727273
