pt_bin,count
0–50,2.3998126357789125
50–100,0.0
100–150,0.1599875090519275
150–200,0.1599875090519275
200–250,0.0
250–450,0.0
450–650,0.0
650–850,0.0
850–1000,0.0
1000–1500,0.0
1500–2000,0.0
2000–inf,0.0
