pt_bin,count
0–50,1.1387542366176295
50–100,0.20862052423563862
100–150,0.02556789242302913
150–200,0.008881218103175274
200–250,0.00466627174616884
250–450,0.007870372882243038
450–650,0.0027790515401164536
650–850,0.0015131765616095707
850–1000,0.0007589067331463731
1000–1500,0.0015317241803422723
1500–2000,0.000843916652337922
2000–inf,0.002086607107428928
