pt_bin,count
0–50,1.3945691767186272
50–100,0.008669466122643597
100–150,0.0004544166589511888
150–200,8.810118898033251e-05
200–250,3.4003967676619566e-05
250–450,2.7821428099052373e-05
450–650,7.728174471958993e-06
650–850,7.728174471958993e-06
850–1000,4.636904683175396e-06
1000–1500,4.636904683175396e-06
1500–2000,1.5456348943917985e-06
2000–inf,4.636904683175396e-06
