pt_bin,count
0–50,0.00012271218005037625
50–100,0.00012271218005037625
100–150,0.0002454243601007525
150–200,0.00012271218005037625
200–250,0.0
250–450,0.0003681365401511287
450–650,0.00012271218005037625
650–850,0.0
850–1000,0.0
1000–1500,0.0
1500–2000,0.0
2000–inf,0.0
