pt_bin,count
0–50,0.0
50–100,0.0
100–150,0.0
150–200,0.0
200–250,0.00012271218005037625
250–300,0.0
300–350,0.0003681365401511287
350–550,0.000490848720201505
550–750,0.00012271218005037625
750–950,0.0
950–1150,0.0
1150–1350,0.0
1350–1550,0.0
1550–inf,0.0
