mass_bin,count
0–800,0.0006135609002518813
800–1000,0.0002454243601007525
1000–1200,0.00012271218005037625
1200–1600,0.0
1600–2000,0.00012271218005037625
2000–2500,0.0
2500–3000,0.0
3000–4000,0.0
4000–5000,0.0
5000–inf,0.0
