pt_bin,count
0–50,0.0
50–100,1.3945822030616002e-05
100–150,6.972911015308001e-06
150–200,6.972911015308001e-06
200–250,0.0
250–450,0.0
450–650,0.0
650–850,0.0
850–1000,0.0
1000–1500,0.0
1500–2000,0.0
2000–inf,0.0
