pt_bin,count
0–50,0.6618061885616593
50–100,0.038799357788371985
100–150,0.01108553079667771
150–200,0.005542765398338855
200–250,0.003325659239003313
250–450,0.003325659239003313
450–650,0.001108553079667771
650–850,0.001108553079667771
850–1000,0.0
1000–1500,0.003325659239003313
1500–2000,0.0
2000–inf,0.002217106159335542
