pt_bin,count
0–50,23.011885201702405
50–100,0.5201193221335089
100–150,0.03858581336731363
150–200,0.005929351740880647
200–250,0.001270236823785782
250–450,0.0006161596533289242
450–650,8.531441353785103e-05
650–850,3.317782748694207e-05
850–1000,1.4219068922975173e-05
1000–1500,3.317782748694207e-05
1500–2000,1.8958758563966897e-05
2000–inf,3.317782748694207e-05
