pt_bin,count
0–50,8.838848144520545
50–100,11.064928698825845
100–150,2.642182647577606
150–200,0.6580348113070861
200–250,0.1968535298593093
250–450,0.12521786062536036
450–650,0.016944390466545414
650–850,0.007953199217584113
850–1000,0.003919723333100156
1000–1500,0.007967418286507088
1500–2000,0.004559581434634039
2000–inf,0.01121410569058642
