mass_bin,count
0–100,0.0
100–200,0.0
200–300,0.0
300–400,1.5397621621621624
400–500,2.220810810810811
500–600,3.128875675675676
600–700,4.293567567567568
700–800,3.6520000000000006
800–900,3.2078378378378383
900–1000,3.5138162162162168
1000–1500,22.20810810810811
1500–2000,14.963329729729733
2000–inf,3.336151351351352
