pt_bin,count
0–50,0.0
50–100,0.0
100–150,0.0
150–200,0.0
200–250,0.2467567567567568
250–450,3.523686486486487
450–650,6.307102702702704
650–850,10.93625945945946
850–1000,10.689502702702704
1000–1500,30.24250810810811
1500–2000,0.09870270270270272
2000–inf,0.019740540540540544
