pt_bin,count
0–50,0.00020478082191780817
50–100,0.0014334657534246574
100–150,0.004846479452054794
150–200,0.0034812739726027392
200–250,0.007303849315068492
250–300,0.012013808219178081
300–350,0.013993356164383559
350–550,0.06211684931506849
550–750,0.08170754794520546
750–950,0.06341379452054793
950–1150,0.055154301369863004
1150–1350,0.03201406849315068
1350–1550,0.017952452054794517
1550–inf,0.012832931506849313
