pt_bin,count
0–50,0.00040956164383561635
50–100,0.0011604246575342464
100–150,0.0028669315068493148
150–200,0.0066212465753424645
200–250,0.009624698630136985
250–450,0.07945495890410957
450–650,0.10880687671232875
650–850,0.1324249315068493
850–1000,0.019932
1000–1500,0.0066212465753424645
1500–2000,0.0005460821917808218
2000–inf,0.0
