pt_bin,count
0–50,0.0
50–100,0.0
100–150,0.0
150–200,0.0002730410958904109
200–250,0.00034130136986301366
250–450,0.005802123287671232
450–650,0.03481273972602739
650–850,0.08416491780821916
850–1000,0.0524921506849315
1000–1500,0.1324931917808219
1500–2000,0.05092216438356163
2000–inf,0.0071673287671232865
