pt_bin,count
0–50,13.661548310122017
50–100,13.584716412416771
100–150,2.6150741824094097
150–200,0.7738982979145634
200–250,0.31046595880591754
250–450,0.27925663273351436
450–650,0.044111505566022356
650–850,0.01633113710678825
850–1000,0.0076134482597482595
1000–1500,0.012030410608915187
1500–2000,0.005114377456930128
2000–inf,0.015517486147731184
