pt_bin,count
0–50,26.956430627337532
50–100,3.7920784126111022
100–150,0.43164183377977344
150–200,0.09409292162238497
200–250,0.029058962823466636
250–450,0.019818212645604245
450–650,0.0019178915463487981
650–850,0.0003487075538815996
850–1000,5.8117925646933275e-05
1000–1500,0.0001743537769407998
1500–2000,0.0
2000–inf,5.8117925646933275e-05
