pt_bin,count
0–50,0.0
50–100,0.0
100–150,0.0
150–200,0.003986374939868543
200–250,0.007972749879737086
250–300,0.0019931874699342716
300–350,0.0019931874699342716
350–550,0.01195912481960563
550–750,0.0019931874699342716
750–950,0.0019931874699342716
950–1150,0.0
1150–1350,0.0
1350–1550,0.0
1550–inf,0.0
