pt_bin,count
0–50,0.007972749879737086
50–100,0.005979562409802815
100–150,0.003986374939868543
150–200,0.003986374939868543
200–250,0.0
250–450,0.009965937349671359
450–650,0.0
650–850,0.0
850–1000,0.0
1000–1500,0.0
1500–2000,0.0
2000–inf,0.0
