mass_bin,count
0–800,0.0019931874699342716
800–1000,0.003986374939868543
1000–1200,0.009965937349671359
1200–1600,0.0139523122895399
1600–2000,0.0
2000–2500,0.0
2500–3000,0.0
3000–4000,0.0019931874699342716
4000–5000,0.0
5000–inf,0.0
