pt_bin,count
0–50,0.0
50–100,1.086707490134485e-06
100–150,3.2601224704034553e-06
150–200,1.086707490134485e-06
200–250,1.086707490134485e-06
250–300,0.0
300–350,0.0
350–550,0.0
550–750,1.086707490134485e-06
750–950,0.0
950–1150,0.0
1150–1350,0.0
1350–1550,0.0
1550–inf,0.0
