pt_bin,count
0–50,0.0
50–100,0.0
100–150,1.086707490134485e-06
150–200,1.086707490134485e-06
200–250,1.086707490134485e-06
250–450,3.2601224704034553e-06
450–650,1.086707490134485e-06
650–850,0.0
850–1000,0.0
1000–1500,0.0
1500–2000,0.0
2000–inf,0.0
