pt_bin,count
0–50,3.2601224704034553e-06
50–100,2.17341498026897e-06
100–150,1.086707490134485e-06
150–200,0.0
200–250,1.086707490134485e-06
250–450,0.0
450–650,0.0
650–850,0.0
850–1000,0.0
1000–1500,0.0
1500–2000,0.0
2000–inf,0.0
