pt_bin,count
0–50,0.0
50–100,0.0
100–150,0.0
150–200,0.0
200–250,0.0
250–300,1.086707490134485e-06
300–350,2.17341498026897e-06
350–550,3.2601224704034553e-06
550–750,1.086707490134485e-06
750–950,0.0
950–1150,0.0
1150–1350,0.0
1350–1550,0.0
1550–inf,0.0
