mass_bin,count
0–800,2.17341498026897e-06
800–1000,1.086707490134485e-06
1000–1200,0.0
1200–1600,4.34682996053794e-06
1600–2000,0.0
2000–2500,0.0
2500–3000,0.0
3000–4000,0.0
4000–5000,0.0
5000–inf,0.0
