pt_bin,count
0–50,0.0
50–100,0.0
100–150,0.0
150–200,0.07165640587724491
200–250,0.07165640587724491
250–300,0.08598768705269388
300–350,0.07165640587724491
350–550,0.14331281175448982
550–750,0.04299384352634694
750–950,0.028662562350897963
950–1150,0.0
1150–1350,0.0
1350–1550,0.0
1550–inf,0.0
