pt_bin,count
0–50,0.35828202938622455
50–100,0.04299384352634694
100–150,0.04299384352634694
150–200,0.028662562350897963
200–250,0.014331281175448981
250–450,0.014331281175448981
450–650,0.0
650–850,0.0
850–1000,0.0
1000–1500,0.014331281175448981
1500–2000,0.0
2000–inf,0.0
