pt_bin,count
0–50,0.0
50–100,0.0
100–150,0.0
150–200,0.0
200–250,0.014331281175448981
250–300,0.0
300–350,0.08598768705269388
350–550,0.3009569046844286
550–750,0.08598768705269388
750–950,0.028662562350897963
950–1150,0.0
1150–1350,0.0
1350–1550,0.0
1550–inf,0.0
