pt_bin,count
0–50,6.62812960490054e-05
50–100,0.0005965316644410486
100–150,0.0015907511051761296
150–200,0.0006959536085145567
200–250,0.0005965316644410486
250–300,0.0002651251841960216
300–350,0.0003976877762940324
350–550,0.0005965316644410486
550–750,0.00016570324012251352
750–950,9.94219440735081e-05
950–1150,0.0
1150–1350,0.0
1350–1550,0.0
1550–inf,0.0
