pt_bin,count
0–50,0.004507128131332368
50–100,0.0002651251841960216
100–150,0.0001988438881470162
150–200,3.31406480245027e-05
200–250,3.31406480245027e-05
250–450,3.31406480245027e-05
450–650,0.0
650–850,0.0
850–1000,0.0
1000–1500,0.0
1500–2000,0.0
2000–inf,0.0
