pt_bin,count
0–50,0.0005302503683920432
50–100,0.0012924852729556053
100–150,0.0009610787927105784
150–200,0.0004639690723430378
200–250,0.00043082842431853513
250–450,0.0011599226808575946
450–650,0.0001988438881470162
650–850,0.0
850–1000,0.0
1000–1500,0.0
1500–2000,0.0
2000–inf,3.31406480245027e-05
