pt_bin,count
0–50,0.0
50–100,0.0
100–150,0.0
150–200,0.0
200–250,3.31406480245027e-05
250–300,0.0002319845361715189
300–350,0.0005965316644410486
350–550,0.0032809241544257675
550–750,0.0008285162006125675
750–950,6.62812960490054e-05
950–1150,3.31406480245027e-05
1150–1350,0.0
1350–1550,0.0
1550–inf,0.0
