pt_bin,count
0–50,6.164160532557504
50–100,2.6843924899847194
100–150,1.6238917532006327
150–200,0.9610787927105785
200–250,0.795375552588065
250–450,0.9279381446860758
450–650,0.4308284243185352
650–850,0.13256259209801083
850–1000,0.0
1000–1500,0.03314064802450271
1500–2000,0.06628129604900541
2000–inf,0.0
