pt_bin,count
0–50,12.891712081531553
50–100,0.5965316644410488
100–150,0.19884388814701626
150–200,0.06628129604900541
200–250,0.0
250–450,0.06628129604900541
450–650,0.0
650–850,0.0
850–1000,0.0
1000–1500,0.0
1500–2000,0.0
2000–inf,0.0
