pt_bin,count
0–50,0.0
50–100,0.0
100–150,0.0
150–200,0.0
200–250,0.22741807795959246
250–300,0.22741807795959246
300–350,0.0
350–550,0.4548361559191849
550–750,0.0
750–950,0.0
950–1150,0.0
1150–1350,0.0
1350–1550,0.0
1550–inf,0.0
