pt_bin,count
0–50,0.0006029681337278648
50–100,0.0013566783008876957
100–150,0.00045222610029589856
150–200,0.0003014840668639324
200–250,0.0003014840668639324
250–450,0.00045222610029589856
450–650,0.0
650–850,0.0
850–1000,0.0
1000–1500,0.0
1500–2000,0.0
2000–inf,0.0
