pt_bin,count
0–50,68.20633663366335
50–100,163.00158415841582
100–150,76.29861386138613
150–200,24.276831683168314
200–250,12.716435643564356
250–450,5.78019801980198
450–650,0.0
650–850,0.0
850–1000,0.0
1000–1500,0.0
1500–2000,0.0
2000–inf,0.0
