pt_bin,count
0–50,27.210355564533728
50–100,0.5943535961279107
100–150,0.06559487871129027
150–200,0.014238888305621549
200–250,0.004799625271557825
250–450,0.0033597376900904776
450–650,0.0001599875090519275
650–850,0.0
850–1000,0.0
1000–1500,0.0
1500–2000,0.0
2000–inf,0.0
