pt_bin,count
0–50,0.0013061322981609527
50–100,9.052402066462048e-05
100–150,5.54228697946656e-06
150–200,1.84742899315552e-06
200–250,1.84742899315552e-06
250–450,0.0
450–650,1.84742899315552e-06
650–850,0.0
850–1000,0.0
1000–1500,0.0
1500–2000,0.0
2000–inf,0.0
