pt_bin,count
0–50,0.0014058934637913507
50–100,1.84742899315552e-06
100–150,0.0
150–200,0.0
200–250,0.0
250–450,0.0
450–650,0.0
650–850,0.0
850–1000,0.0
1000–1500,0.0
1500–2000,0.0
2000–inf,0.0
