pt_bin,count
0–50,77.65033538836742
50–100,2.2608319587530525
100–150,0.327038585228429
150–200,0.05687627569190069
200–250,0.04739689640991724
250–450,0.009479379281983448
450–650,0.0
650–850,0.0
850–1000,0.0
1000–1500,0.0
1500–2000,0.0
2000–inf,0.0
