pt_bin,count
0–50,0.004709958904109589
50–100,0.005392561643835616
100–150,0.010853383561643833
150–200,0.017406369863013697
200–250,0.02846453424657534
250–450,0.19938826027397258
450–650,0.25283605479452054
650–850,0.2526995342465753
850–1000,0.04307223287671232
1000–1500,0.018566794520547943
1500–2000,0.0008873835616438354
2000–inf,0.0
