pt_bin,count
0–50,0.0
50–100,0.0
100–150,0.0004778219178082191
150–200,0.001023904109589041
200–250,0.0008191232876712327
250–450,0.025188041095890408
450–650,0.08907965753424656
650–850,0.21461030136986298
850–1000,0.12860235616438354
1000–1500,0.2679898356164383
1500–2000,0.09153702739726026
2000–inf,0.014948999999999997
