pt_bin,count
0–50,49.96257400013977
50–100,6.799459159867589
100–150,0.7564409511932788
150–200,0.1303281923015063
200–250,0.027767518634685188
250–450,0.014928773459508165
450–650,0.0007464386729754083
650–850,0.0
850–1000,0.0
1000–1500,0.00014928773459508166
1500–2000,0.0
2000–inf,0.0002985754691901633
