pt_bin,count
0–50,3.2625275777691893
50–100,0.19594760226841978
100–150,0.07837904090736791
150–200,0.048986900567104946
200–250,0.00979738011342099
250–450,0.029392140340262968
450–650,0.00979738011342099
650–850,0.0
850–1000,0.00979738011342099
1000–1500,0.0
1500–2000,0.0
2000–inf,0.0
