pt_bin,count
0–50,0.0
50–100,9.479379281983448e-06
100–150,1.4219068922975173e-05
150–200,3.317782748694207e-05
200–250,1.4219068922975173e-05
250–300,9.479379281983448e-06
300–350,1.8958758563966897e-05
350–550,9.479379281983448e-06
550–750,0.0
750–950,0.0
950–1150,0.0
1150–1350,0.0
1350–1550,0.0
1550–inf,0.0
