pt_bin,count
0–50,9.479379281983448e-06
50–100,3.317782748694207e-05
100–150,2.8438137845950347e-05
150–200,9.479379281983448e-06
200–250,9.479379281983448e-06
250–450,1.4219068922975173e-05
450–650,4.739689640991724e-06
650–850,0.0
850–1000,0.0
1000–1500,0.0
1500–2000,0.0
2000–inf,0.0
