pt_bin,count
0–50,0.0
50–100,0.0
100–150,0.0
150–200,9.479379281983448e-06
200–250,9.479379281983448e-06
250–450,1.4219068922975173e-05
450–650,9.479379281983448e-06
650–850,4.739689640991724e-06
850–1000,1.8958758563966897e-05
1000–1500,1.4219068922975173e-05
1500–2000,4.739689640991724e-06
2000–inf,2.369844820495862e-05
