pt_bin,count
0–50,17.58419883788063
50–100,0.4251548600868598
100–150,0.022000803293134488
150–200,0.003992354502278346
200–250,0.0011440896077422717
250–450,0.0007055883643567321
450–650,7.773431132743658e-05
650–850,2.9897812049014073e-05
850–1000,1.39523122895399e-05
1000–1500,1.9931874699342714e-05
1500–2000,1.9931874699342714e-06
2000–inf,1.1959124819605628e-05
