pt_bin,count
0–50,12.870007506990651
50–100,4.771571211774449
100–150,0.273283940815218
150–200,0.0620558986889336
200–250,0.02176361398421231
250–450,0.02150649280059079
450–650,0.005234110296047397
650–850,0.0026369870227230413
850–1000,0.00139523122895399
1000–1500,0.0027745169581485057
1500–2000,0.0014948906024507035
2000–inf,0.003627601195280374
