pt_bin,count
0–50,4652.886043286032
50–100,481.12040878397653
100–150,39.82543255550857
150–200,8.048108575178265
200–250,1.8969283731429858
250–450,1.5019446137484913
450–650,0.1761074086472268
650–850,0.04276894210004079
850–1000,0.012579100617659057
1000–1500,0.012579100617659057
1500–2000,0.005031640247063623
2000–inf,0.0
