pt_bin,count
0–50,0.0
50–100,0.00882828947368421
100–150,0.05120407894736842
150–200,0.13360144736842106
200–250,0.2124675
250–450,1.4148805263157893
450–650,1.5502476315789473
650–850,1.306586842105263
850–1000,0.8033743421052632
1000–1500,0.9746431578947368
1500–2000,0.05767815789473684
2000–inf,0.03178184210526316
