pt_bin,count
0–50,0.002083631578947368
50–100,0.031065052631578948
100–150,0.044513947368421056
150–200,0.07330594736842105
200–250,0.11119015789473684
250–300,0.11819873684210526
300–350,0.13221589473684212
350–550,0.5178771578947369
550–750,0.3714546842105263
750–950,0.1772981052631579
950–1150,0.11119015789473684
1150–1350,0.047355263157894734
1350–1550,0.02651894736842105
1550–inf,0.010797
