pt_bin,count
0–50,0.0003788421052631579
50–100,0.003977842105263158
100–150,0.034285210526315786
150–200,0.04489278947368421
200–250,0.048112947368421054
250–450,0.37884210526315787
450–650,0.3966476842105263
650–850,0.3061044210526316
850–1000,0.1693424210526316
1000–1500,0.32883494736842106
1500–2000,0.062130105263157896
2000–inf,0.0015153684210526316
