pt_bin,count
0–50,1.2585313570645112e-05
50–100,1.279862397014757e-06
100–150,7.110346650081984e-08
150–200,7.110346650081984e-08
200–250,7.110346650081984e-08
250–450,0.0
450–650,0.0
650–850,0.0
850–1000,0.0
1000–1500,0.0
1500–2000,0.0
2000–inf,0.0
