pt_bin,count
0–50,4.977242655057389e-06
50–100,2.9152421265336136e-06
100–150,1.422069330016397e-06
150–200,7.821381315090183e-07
200–250,4.2662079900491907e-07
250–450,9.95448531011478e-07
450–650,9.243450645106579e-07
650–850,8.532415980098381e-07
850–1000,3.555173325040992e-07
1000–1500,4.2662079900491907e-07
1500–2000,0.0
2000–inf,0.0
