pt_bin,count
0–50,0.003324
50–100,0.006043636363636364
100–150,0.011634
150–200,0.01677109090909091
200–250,0.03006709090909091
250–450,0.1956627272727273
450–650,0.23993236363636364
650–850,0.22316127272727274
850–1000,0.1414210909090909
1000–1500,0.25851654545454544
1500–2000,0.010878545454545455
2000–inf,0.0004532727272727273
