pt_bin,count
0–50,1.9839243243243248
50–100,4.806821621621622
100–150,7.728421621621623
150–200,10.48222702702703
200–250,9.534681081081082
250–450,26.48193513513514
450–650,10.57105945945946
650–850,4.244216216216217
850–1000,1.0067675675675678
1000–1500,0.14805405405405409
1500–2000,0.0
2000–inf,0.0
