pt_bin,count
0–50,9.041285239748671
50–100,0.21268319828086676
100–150,0.02259163816847867
150–200,0.0046299723572027504
200–250,0.0013791407021455002
250–450,0.0008209170846104168
450–650,6.567336676883334e-05
650–850,0.0
850–1000,0.0
1000–1500,0.0
1500–2000,3.283668338441667e-05
2000–inf,3.283668338441667e-05
