pt_bin,count
0–50,3.191791298332069
50–100,4.206838855111157
100–150,1.1929895440392422
150–200,0.39151177599239995
200–250,0.15081888678462577
250–450,0.1166030626980636
450–650,0.014907854256525169
650–850,0.004892665824278084
850–1000,0.002101547736602667
1000–1500,0.0042687688399741675
1500–2000,0.0016746708526052501
2000–inf,0.005122522607969001
