pt_bin,count
0–50,0.0002804639291559461
50–100,1.3302636956013254e-05
100–150,3.3256592390033134e-06
150–200,0.0
200–250,1.1085530796677711e-06
250–450,0.0
450–650,0.0
650–850,0.0
850–1000,0.0
1000–1500,0.0
1500–2000,0.0
2000–inf,0.0
