pt_bin,count
0–50,0.00010531254256843825
50–100,8.203292789541506e-05
100–150,4.434212318671085e-05
150–200,3.6582251629036445e-05
200–250,1.3302636956013254e-05
250–450,1.4411190035681025e-05
450–650,0.0
650–850,0.0
850–1000,0.0
1000–1500,0.0
1500–2000,0.0
2000–inf,2.2171061593355423e-06
