pt_bin,count
0–50,0.001064537470764029
50–100,0.0017336753095299902
100–150,0.0010037067581489417
150–200,0.0008212146203036795
200–250,0.0003497765975367524
250–450,0.0003953996319980679
450–650,4.562303446131553e-05
650–850,0.0
850–1000,0.0
1000–1500,0.0
1500–2000,0.0
2000–inf,0.0
