pt_bin,count
0–50,0.004440642020901379
50–100,0.0007451762295348204
100–150,0.00015207678153771842
150–200,6.0830712615087374e-05
200–250,0.0
250–450,1.5207678153771843e-05
450–650,0.0
650–850,0.0
850–1000,0.0
1000–1500,0.0
1500–2000,0.0
2000–inf,0.0
