pt_bin,count
0–50,0.0
50–100,0.0
100–150,0.0
150–200,0.0
200–250,4.562303446131553e-05
250–300,0.0006691378387659611
300–350,0.0013382756775319222
350–550,0.0028742511710628782
550–750,0.0004562303446131553
750–950,1.5207678153771843e-05
950–1150,0.0
1150–1350,1.5207678153771843e-05
1350–1550,0.0
1550–inf,0.0
