pt_bin,count
0–50,0.00018281116954378625
50–100,0.00021327969780108395
100–150,6.350669142786148e-05
150–200,1.1746902460644899e-05
200–250,2.2025442113709183e-06
250–450,1.1012721056854592e-06
450–650,1.1012721056854592e-06
650–850,3.670907018951531e-07
850–1000,3.670907018951531e-07
1000–1500,0.0
1500–2000,0.0
2000–inf,7.341814037903062e-07
