pt_bin,count
0–50,0.0004632684657916832
50–100,1.2848174566330358e-05
100–150,7.341814037903062e-07
150–200,0.0
200–250,3.670907018951531e-07
250–450,0.0
450–650,0.0
650–850,0.0
850–1000,0.0
1000–1500,0.0
1500–2000,0.0
2000–inf,0.0
