pt_bin,count
0–50,0.024624736842105262
50–100,0.028034315789473685
100–150,0.07349536842105263
150–200,0.09300573684210527
200–250,0.11175842105263158
250–450,0.6993425263157895
450–650,0.7144962105263157
650–850,0.4805612105263158
850–1000,0.2502252105263158
1000–1500,0.4777198947368421
1500–2000,0.09395284210526315
2000–inf,0.0015153684210526316
