pt_bin,count
0–50,0.0
50–100,0.0
100–150,0.0
150–200,0.0015153684210526316
200–250,0.003409578947368421
250–450,0.035611157894736845
450–650,0.11838815789473685
650–850,0.22541105263157896
850–1000,0.22957831578947369
1000–1500,1.0903075789473684
1500–2000,1.2075592105263158
2000–inf,0.13695142105263158
