pt_bin,count
0–50,0.0
50–100,1.9931874699342714e-06
100–150,1.9931874699342714e-06
150–200,0.0
200–250,0.0
250–450,1.9931874699342714e-06
450–650,0.0
650–850,0.0
850–1000,0.0
1000–1500,0.0
1500–2000,0.0
2000–inf,0.0
