mass_bin,count
0–800,1.9931874699342714e-06
800–1000,0.0
1000–1200,1.9931874699342714e-06
1200–1600,0.0
1600–2000,1.9931874699342714e-06
2000–2500,0.0
2500–3000,0.0
3000–4000,0.0
4000–5000,0.0
5000–inf,0.0
