pt_bin,count
0–50,0.0
50–100,0.0
100–150,0.0
150–200,0.0032601224704034548
200–250,0.001086707490134485
250–300,0.001086707490134485
300–350,0.00217341498026897
350–550,0.00869365992107588
550–750,0.0032601224704034548
750–950,0.0
950–1150,0.0
1150–1350,0.0
1350–1550,0.0
1550–inf,0.0
