pt_bin,count
0–50,0.00042432135334137777
50–100,0.000707202255568963
100–150,0.0001414404511137926
150–200,0.0001414404511137926
200–250,0.00042432135334137777
250–450,0.00042432135334137777
450–650,0.0001414404511137926
650–850,0.0
850–1000,0.0
1000–1500,0.0
1500–2000,0.0
2000–inf,0.0
