mass_bin,count
0–100,0.0251979
100–200,0.09930059999999999
200–300,0.1644573
300–400,0.18503309999999998
400–500,0.1593879
500–600,0.16013339999999998
600–700,0.1315062
700–800,0.0861798
800–900,0.0544215
900–1000,0.049501199999999995
1000–1500,0.11018489999999999
1500–2000,0.0292236
2000–inf,0.020724899999999997
