pt_bin,count
0–50,0.0763392
50–100,0.3230997
100–150,0.2929815
150–200,0.15730049999999998
200–250,0.1037736
250–450,0.2255883
450–650,0.0624729
650–850,0.020575799999999998
850–1000,0.0071568
1000–1500,0.0056657999999999995
1500–2000,0.0002982
2000–inf,0.0
