pt_bin,count
0–50,0.0016400999999999998
50–100,0.009691499999999999
100–150,0.034591199999999996
150–200,0.045624599999999994
200–250,0.056508899999999994
250–450,0.2765805
450–650,0.2764314
650–850,0.23214869999999999
850–1000,0.1671411
1000–1500,0.15983519999999998
1500–2000,0.0107352
2000–inf,0.0043238999999999994
