pt_bin,count
0–50,0.0027339832869080778
50–100,0.010725626740947075
100–150,0.025867688022284122
150–200,0.045636490250696375
200–250,0.07907520891364903
250–450,0.5705612813370473
450–650,0.7541587743732591
650–850,0.7699317548746518
850–1000,0.1310208913649025
1000–1500,0.05699303621169916
1500–2000,0.0027339832869080778
2000–inf,0.0
