mass_bin,count
0–800,0.0
800–1000,0.0
1000–1200,0.0
1200–1600,0.0
1600–2000,0.0
2000–2500,0.0039958217270194985
2500–3000,0.011566852367688021
3000–4000,0.1882242339832869
4000–5000,1.6849749303621169
5000–inf,0.5606768802228412
