mass_bin,count
0–800,0.0
800–1000,0.0
1000–1200,0.0
1200–1600,0.0
1600–2000,0.0
2000–2500,31.101274806150617
2500–3000,298.62983309239064
3000–4000,181.7120778026022
4000–5000,3.2397161256406894
5000–inf,0.9359179918517547
