pt_bin,count
0–50,0.00026483061822357
50–100,1.5071661199715366e-05
100–150,6.459283371306585e-06
150–200,1.0765472285510976e-06
200–250,0.0
250–450,0.0
450–650,0.0
650–850,0.0
850–1000,0.0
1000–1500,0.0
1500–2000,0.0
2000–inf,0.0
