pt_bin,count
0–50,8.827687274119e-05
50–100,7.966449491278122e-05
100–150,3.552605854218622e-05
150–200,2.691368071377744e-05
200–250,1.5071661199715366e-05
250–450,3.121986962798183e-05
450–650,7.535830599857683e-06
650–850,1.0765472285510976e-06
850–1000,1.0765472285510976e-06
1000–1500,1.0765472285510976e-06
1500–2000,0.0
2000–inf,0.0
