pt_bin,count
0–50,0.0
50–100,0.0
100–150,0.0
150–200,0.011234347707129536
200–250,0.017633659692203322
250–300,0.015073934898173809
300–350,0.012158692771640195
350–550,0.04401304576400749
550–750,0.03789814764493698
750–950,0.042448769500989456
950–1150,0.04301759723299601
1150–1350,0.017135935426697585
1350–1550,0.005261656521060669
1550–inf,0.0018486901290213163
