pt_bin,count
0–50,0.19709880914027264
50–100,0.025526144473794327
100–150,0.009172347178605761
150–200,0.00490613918855657
200–250,0.002417517861027875
250–450,0.004692828789054111
450–650,0.0014931727965172168
650–850,0.0007110346650081985
850–1000,0.00035551733250409925
1000–1500,0.0007110346650081985
1500–2000,0.00021331039950245957
2000–inf,0.00042662079900491914
