pt_bin,count
0–50,0.24267613116729816
50–100,0.003341862925538533
100–150,0.0007821381315090183
150–200,0.0005688277320065588
200–250,7.110346650081985e-05
250–450,0.00021331039950245957
450–650,7.110346650081985e-05
650–850,0.0
850–1000,0.0
1000–1500,0.0
1500–2000,0.0
2000–inf,0.0
