pt_bin,count
0–50,0.0
50–100,0.0
100–150,0.0
150–200,7.110346650081985e-05
200–250,0.0
250–300,0.0012798623970147573
300–350,0.0030574490595352537
350–550,0.04266207990049191
550–750,0.05453635880612883
750–950,0.06399311985073787
950–1150,0.05282987561010915
1150–1350,0.020477798352236117
1350–1550,0.0069681397170803456
1550–inf,0.0018486901290213163
