pt_bin,count
0–50,65.89425742574257
50–100,141.03683168316832
100–150,144.50495049504948
150–200,90.17108910891089
200–250,50.865742574257425
250–450,25.432871287128712
450–650,0.0
650–850,0.0
850–1000,0.0
1000–1500,0.0
1500–2000,0.0
2000–inf,0.0
