pt_bin,count
0–50,0.0
50–100,8.092277227722771
100–150,26.588910891089107
150–200,126.00831683168316
200–250,167.6257425742574
250–450,171.0938613861386
450–650,15.028514851485147
650–850,3.4681188118811876
850–1000,0.0
1000–1500,0.0
1500–2000,0.0
2000–inf,0.0
