pt_bin,count
0–50,0.0
50–100,2.0616e-05
100–150,4.1232e-05
150–200,9.0195e-05
200–250,0.00013142700000000001
250–300,0.000185544
300–350,0.000170082
350–550,0.0011055330000000001
550–750,0.001399311
750–950,0.001239537
950–1150,0.0011596500000000001
1150–1350,0.0009895680000000001
1350–1550,0.000767946
1550–inf,0.000788562
