pt_bin,count
0–50,0.0
50–100,0.0
100–150,7.731000000000001e-06
150–200,3.6078e-05
200–250,7.2156e-05
250–450,0.000507669
450–650,0.000974106
650–850,0.0009715290000000001
850–1000,0.000767946
1000–1500,0.002301261
1500–2000,0.0018039
2000–inf,0.000646827
