pt_bin,count
0–50,0.0
50–100,0.0
100–150,0.0
150–200,0.0
200–250,0.0
250–300,0.0
300–350,2.577e-06
350–550,0.000265431
550–750,0.000502515
750–950,0.000659712
950–1150,0.001025646
1150–1350,0.001033377
1350–1550,0.001043685
1550–inf,0.00355626
