pt_bin,count
0–50,0.0
50–100,0.0007464386729754083
100–150,0.00179145281514098
150–200,0.001343589611355735
200–250,0.00089572640757049
250–300,0.00014928773459508166
300–350,0.00014928773459508166
350–550,0.00014928773459508166
550–750,0.0002985754691901633
750–950,0.0
950–1150,0.0
1150–1350,0.0
1350–1550,0.0
1550–inf,0.0
