pt_bin,count
0–50,0.00014928773459508166
50–100,0.0011943018767606533
100–150,0.000447863203785245
150–200,0.0011943018767606533
200–250,0.00089572640757049
250–450,0.001343589611355735
450–650,0.0002985754691901633
650–850,0.0
850–1000,0.0
1000–1500,0.0
1500–2000,0.0
2000–inf,0.0
