pt_bin,count
0–50,0.004030768834067205
50–100,0.0010450141421655716
100–150,0.0
150–200,0.0002985754691901633
200–250,0.0
250–450,0.00014928773459508166
450–650,0.0
650–850,0.0
850–1000,0.0
1000–1500,0.0
1500–2000,0.0
2000–inf,0.0
