mass_bin,count
0–800,0.0014928773459508167
800–1000,0.00089572640757049
1000–1200,0.001343589611355735
1200–1600,0.0011943018767606533
1600–2000,0.000447863203785245
2000–2500,0.00014928773459508166
2500–3000,0.0
3000–4000,0.0
4000–5000,0.0
5000–inf,0.0
