pt_bin,count
0–50,8.989135651462162
50–100,0.2070959095051174
100–150,0.022900187784931365
150–200,0.005070519147748914
200–250,0.0014913291611026215
250–450,0.0008616568486370703
450–650,9.94219440735081e-05
650–850,0.0
850–1000,3.31406480245027e-05
1000–1500,0.0
1500–2000,0.0
2000–inf,3.31406480245027e-05
