pt_bin,count
0–50,0.024005766019550907
50–100,0.011579251844724555
100–150,0.0015062441424031942
150–200,0.00028242077670059893
200–250,0.00047070129450099815
250–450,0.00018828051780039927
450–650,9.414025890019964e-05
650–850,0.0
850–1000,0.0
1000–1500,0.0
1500–2000,0.00018828051780039927
2000–inf,0.0
