pt_bin,count
0–50,0.004859829140893667
50–100,0.0003940402006130001
100–150,0.00013134673353766668
150–200,3.283668338441667e-05
200–250,0.0
250–450,3.283668338441667e-05
450–650,0.0
650–850,0.0
850–1000,0.0
1000–1500,0.0
1500–2000,0.0
2000–inf,0.0
