pt_bin,count
0–50,0.0007880804012260002
50–100,0.0013463040187610836
100–150,0.0009194271347636668
150–200,0.0007880804012260002
200–250,0.0005582236175350835
250–450,0.0007880804012260002
450–650,0.00026269346707533337
650–850,0.0
850–1000,0.0
1000–1500,0.0
1500–2000,0.0
2000–inf,0.0
