pt_bin,count
0–50,0.0
50–100,0.0
100–150,0.0
150–200,0.0
200–250,0.0
250–300,0.00029553015045975003
300–350,0.0007224070344571667
350–550,0.003382178388594917
550–750,0.0009194271347636668
750–950,9.851005015325002e-05
950–1150,3.283668338441667e-05
1150–1350,0.0
1350–1550,0.0
1550–inf,0.0
