pt_bin,count
0–50,2.707710934009122
50–100,2.2934965386682666
100–150,0.2458994497702159
150–200,0.048475643319856404
200–250,0.015962923708233587
250–450,0.0156108003911402
450–650,0.004460228683182914
650–850,0.0016432421464358104
850–1000,0.0010563699512801637
1000–1500,0.0028169865367471034
1500–2000,0.001173744390311293
2000–inf,0.0034038587319027503
