pt_bin,count
0–50,5.246402675813418
50–100,0.08838295259044038
100–150,0.005516598634463078
150–200,0.0008216210732179052
200–250,0.0003521233170933879
250–450,0.00011737443903112931
450–650,0.0
650–850,0.00011737443903112931
850–1000,0.0
1000–1500,0.0
1500–2000,0.0
2000–inf,0.0
