pt_bin,count
0–50,1.256296101576498
50–100,0.09332485325996842
100–150,0.03589417433075709
150–200,0.007178834866151417
200–250,0.014357669732302835
250–450,0.014357669732302835
450–650,0.014357669732302835
650–850,0.007178834866151417
850–1000,0.0
1000–1500,0.0
1500–2000,0.0
2000–inf,0.007178834866151417
