pt_bin,count
0–50,6.384396556085319
50–100,5.351371615088555
100–150,0.5211225425306774
150–200,0.09220144064590895
200–250,0.025447597618270867
250–450,0.02434118033051996
450–650,0.004794474913587265
650–850,0.004425669151003629
850–1000,0.004425669151003629
1000–1500,0.00700730948908908
1500–2000,0.0025816403380854503
2000–inf,0.0055320864387545365
