pt_bin,count
0–50,12.216322079820351
50–100,0.20247436365841603
100–150,0.007376115251672716
150–200,0.0011064172877509073
200–250,0.0
250–450,0.00036880576258363577
450–650,0.0
650–850,0.0
850–1000,0.0
1000–1500,0.0
1500–2000,0.0
2000–inf,0.0
