pt_bin,count
0–50,19.33641069573936
50–100,29.48479848131439
100–150,7.633068234297471
150–200,1.9209122429592291
200–250,0.5589430028637303
250–450,0.33452329634851924
450–650,0.035935743477362864
650–850,0.014751447809158689
850–1000,0.006934701238119961
1000–1500,0.01592243902699912
1500–2000,0.007953615674422675
2000–inf,0.021731772081739965
