pt_bin,count
0–50,52.43180091664411
50–100,6.191684498882976
100–150,0.61442061276869
150–200,0.10142000560750443
200–250,0.021899056541431455
250–450,0.010097898294104504
450–650,0.00027373820676789316
650–850,7.603839076885921e-05
850–1000,4.562303446131553e-05
1000–1500,6.0830712615087374e-05
1500–2000,4.562303446131553e-05
2000–inf,6.0830712615087374e-05
