pt_bin,count
0–50,0.0
50–100,0.0
100–150,0.0
150–200,2.369844820495862e-05
200–250,4.739689640991724e-06
250–300,2.8438137845950347e-05
300–350,2.8438137845950347e-05
350–550,5.6876275691900694e-05
550–750,4.265720676892552e-05
750–950,0.0
950–1150,9.479379281983448e-06
1150–1350,0.0
1350–1550,0.0
1550–inf,0.0
