pt_bin,count
0–50,5.2136586050908964e-05
50–100,6.161596533289241e-05
100–150,4.739689640991724e-05
150–200,1.4219068922975173e-05
200–250,9.479379281983448e-06
250–450,9.479379281983448e-06
450–650,0.0
650–850,0.0
850–1000,0.0
1000–1500,0.0
1500–2000,0.0
2000–inf,0.0
