pt_bin,count
0–50,0.0
50–100,4.739689640991724e-06
100–150,1.4219068922975173e-05
150–200,9.479379281983448e-06
200–250,4.739689640991724e-06
250–450,4.739689640991724e-05
450–650,2.8438137845950347e-05
650–850,9.479379281983448e-06
850–1000,1.8958758563966897e-05
1000–1500,3.7917517127933794e-05
1500–2000,4.739689640991724e-06
2000–inf,1.4219068922975173e-05
