pt_bin,count
0–50,0.0
50–100,0.0
100–150,0.0
150–200,0.0
200–250,0.0
250–300,0.0
300–350,0.0
350–550,0.0001184922410247931
550–750,5.2136586050908964e-05
750–950,1.8958758563966897e-05
950–1150,4.739689640991724e-06
1150–1350,0.0
1350–1550,0.0
1550–inf,0.0
