mass_bin,count
0–800,0.0
800–1000,0.0
1000–1200,0.0
1200–1600,0.0
1600–2000,0.0
2000–2500,8.531441353785103e-05
2500–3000,4.739689640991724e-05
3000–4000,3.7917517127933794e-05
4000–5000,4.739689640991724e-06
5000–inf,1.8958758563966897e-05
