pt_bin,count
0–50,0.0015649860008210088
50–100,0.0005240549452290534
100–150,9.332485325996841e-05
150–200,1.4357669732302833e-05
200–250,0.0
250–450,7.178834866151416e-06
450–650,0.0
650–850,0.0
850–1000,0.0
1000–1500,0.0
1500–2000,0.0
2000–inf,7.178834866151416e-06
