pt_bin,count
0–50,3.2497297731851664
50–100,6.895828610384473
100–150,1.4446635794298996
150–200,0.4466952529443248
200–250,0.17523578985490526
250–450,0.1427921733912458
450–650,0.016137931250279423
650–850,0.004026095114414825
850–1000,0.001107176156464077
1000–1500,0.0024492078612690185
1500–2000,0.0013420317048049417
2000–inf,0.002717614202230007
