pt_bin,count
0–50,10.83281281960025
50–100,1.3694427023755826
100–150,0.1385312227284901
150–200,0.029424045127848346
200–250,0.0057707363306612495
250–450,0.005535880782320385
450–650,0.0009058714007433357
650–850,6.710158524024709e-05
850–1000,0.00010065237786037064
1000–1500,0.00013420317048049417
1500–2000,0.0
2000–inf,0.0
