pt_bin,count
0–50,10.325152931306858
50–100,1.1315236089103407
100–150,0.14144045111379258
150–200,0.14144045111379258
200–250,0.14144045111379258
250–450,0.0
450–650,0.0
650–850,0.0
850–1000,0.0
1000–1500,0.0
1500–2000,0.0
2000–inf,0.0
