mass_bin,count
0–800,0.0029367256151612247
800–1000,0.0007341814037903062
1000–1200,0.0
1200–1600,0.0003670907018951531
1600–2000,0.0003670907018951531
2000–2500,0.0
2500–3000,0.0
3000–4000,0.0
4000–5000,0.0
5000–inf,0.0
