pt_bin,count
0–50,4.460228683182914
50–100,0.35212331709338796
100–150,0.11737443903112932
150–200,0.23474887806225864
200–250,0.11737443903112932
250–450,0.11737443903112932
450–650,0.0
650–850,0.0
850–1000,0.0
1000–1500,0.0
1500–2000,0.0
2000–inf,0.0
